<?xml version="1.0" encoding="utf-8"?>
<extension type="component" version="2.5">
    <name>Add User Frontend</name>
    <extensionname>Add User Frontend</extensionname>
    <author>Kim Pittoors</author>
    <creationDate>19/04/2012</creationDate>
    <license>GNU/GPL http://www.gnu.org/copyleft/gpl.html</license>
    <authorEmail>info@ghanja.be</authorEmail>
    <authorUrl>http://www.ghanja.be</authorUrl>
    <version>1.3.2</version>
    <description>Add users to Joomla from the frontend for Joomla 2.5</description>

    <install>
        <sql>
           
        </sql>
    </install>

 <!-- user part -->
    <files source="site" folder="site">
        <folder>models</folder>
        <folder>views</folder>
        <file>controller.php</file>
        <file>index.html</file>
        <file>adduserfrontend.php</file>
    </files>
	
    
    <scriptfile>install.adduserfrontend.php</scriptfile>
    <scriptfile>uninstall.adduserfrontend.php</scriptfile>

   	
	 <languages folder="language/en-GB">
        <language tag="en-GB">en-GB.com_adduserfrontend.ini</language>
    </languages>

   
<administration >
	
	<files source="administrator/components" folder="administrator/components">
        <folder>helpers</folder>
        <folder>language</folder>	
        <folder>models</folder>
        <folder>tables</folder>
        <folder>views</folder>
        <file>access.xml</file>
        <file>config.xml</file>
        <file>controller.php</file>
        <file>index.html</file>
        <file>install.adduserfrontend.php</file>
        <file>adduserfrontend.php</file>
        <file>uninstall.adduserfrontend.php</file>
    </files>


    <menu>Add user Frontend</menu>
    <submenu>
        <menu view="adduserfrontend" >Add user Frontend</menu>
    </submenu>


    <languages folder="administrator/language/en-GB">
        <language tag="en-GB">en-GB.com_adduserfrontend.menu.ini</language>
        <language tag="en-GB">en-GB.com_adduserfrontend.ini</language>
    </languages>

    </administration>

</extension>