<?xml version="1.0" encoding="utf-8"?>
<extension type="module" version="2.5" client="site" method="upgrade">
	<name>SP Simple Youtube</name>
	<author>JoomShaper.com</author>
	<creationDate>Apr 2011</creationDate>
	<copyright>Copyright (C) 2010 - 2012 JoomShaper.com. All rights reserved.</copyright>
	<license>http://www.gnu.org/licenses/gpl-2.0.html GNU/GPL</license>
	<authorEmail>support@joomshaper.com</authorEmail>
	<authorUrl>www.joomshaper.com</authorUrl>
	<version>1.4.0</version>
	<description>Youtube module for Joomla by JoomShaper.com</description>
	
	<languages>
		<language tag="en-GB">language/en-GB.mod_sp_simple_youtube.ini</language>
	</languages>  
		
	<files>
		<filename module="mod_sp_simple_youtube">mod_sp_simple_youtube.php</filename>
		<folder>tmpl/</folder>
		<filename>index.html</filename>
	</files>
	<config>
		<fields name="params">
			<fieldset name="Basic">
				<field name="moduleclass_sfx" 
					type="text" default="" 
					label="MODSFX" 
					description="MODSFX_DESC" />

				<field name="youtube_id" 
					type="text" default="" 
					label="YOUTUBE_ID" 
					description="YOUTUBE_ID_DESC" />
					
				<field name="width" 
					type="text" 
					default="300" 
					label="WIDTH" 
					description="WIDTH_DESC" />
					
				<field name="height" 
					type="text" 
					default="200" 
					label="HEIGHT" 
					description="HEIGHT_DESC" />
					
			</fieldset>
			
			<fieldset name="advanced">
				<field
					name="cache"
					type="list"
					default="1"
					label="COM_MODULES_FIELD_CACHING_LABEL"
					description="COM_MODULES_FIELD_CACHING_DESC">
					<option
						value="1">JGLOBAL_USE_GLOBAL</option>
					<option
						value="0">COM_MODULES_FIELD_VALUE_NOCACHING</option>
				</field>

				<field
					name="cache_time"
					type="text"
					default="900"
					label="COM_MODULES_FIELD_CACHE_TIME_LABEL"
					description="COM_MODULES_FIELD_CACHE_TIME_DESC" />

				<field
					name="cachemode"
					type="hidden"
					default="itemid">
					<option
						value="itemid"></option>
				</field>
			</fieldset>
		</fields>
	</config>	
</extension>
