<?xml version="1.0" encoding="utf-8"?>
<install type="component" version="1.5.0" method="upgrade">
    <name>Add user Frontend</name>
    <author>Kim Pittoors</author>
    <creationDate>2012/11/09</creationDate>
    <license>GNU/GPL http://www.gnu.org/copyleft/gpl.html</license>
  <authorEmail>info@ghanja.be</authorEmail>
   <authorUrl>http://www.ghanja.be</authorUrl>
    <version>1.3.6</version>
    <description>Add users frontend for Joomla 1.5</description>

    <!-- installation part -->
    <install>
        <queries>
           
        </queries>
    </install>

    <installfile>install.adduserfrontend.php</installfile>
    <uninstallfile>uninstall.adduserfrontend.php</uninstallfile>

    <!-- user part -->
    <files folder="components/com_adduserfrontend">
        <filename>controller.php</filename>
        <filename>index.html</filename>
        <filename>adduserfrontend.php</filename>
        <folder>models</folder>
        <folder>views</folder>
    </files>
	
	
	 <languages folder="language/en-GB">
        <language tag="en-GB">en-GB.com_adduserfrontend.ini</language>
    </languages>

    <!-- administration part -->
    <administration>

    <menu task="default" img="js/ThemeOffice/component.png">Add user Frontend</menu>
    <submenu>
        <menu link="option=com_adduserfrontend">Add user Frontend</menu>
    </submenu>

    <files>
        <filename>adduserfrontend.xml</filename>
    </files>
    <files folder="administrator/components/com_adduserfrontend">
        <filename>config.xml</filename>
        <filename>controller.php</filename>
        <filename>index.html</filename>
        <filename>install.adduserfrontend.php</filename>
        <filename>adduserfrontend.php</filename>
        <filename>uninstall.adduserfrontend.php</filename>
        <folder>helpers</folder>
        <folder>models</folder>
        <folder>tables</folder>
        <folder>views</folder>
    </files>

    <languages folder="administrator/language/en-GB">
        <language tag="en-GB">en-GB.com_adduserfrontend.menu.ini</language>
        <language tag="en-GB">en-GB.com_adduserfrontend.ini</language>
    </languages>

    </administration>

    <params>

    </params>

</install>